Rank,Domain
1,youtube.com
2,facebook.com
3,wikipedia.org
4,tiktok.com
5,instagram.com
6,reddit.com
7,pinterest.com
8,quora.com
9,amazon.com
10,google.com
11,linkedin.com
12,yahoo.com
13,fandom.com
14,apple.com
15,x.com
16,ebay.com
17,etsy.com
18,yelp.com
19,wordpress.com
20,twitter.com
21,walmart.com
22,imdb.com
23,nytimes.com
24,nih.gov
25,britannica.com
26,tripadvisor.com
27,indeed.com
28,mapquest.com
29,medium.com
30,scribd.com
31,microsoft.com
32,forbes.com
33,spotify.com
34,bbc.com
35,shutterstock.com
36,threads.net
37,theguardian.com
38,msn.com
39,researchgate.net
40,cambridge.org
41,aliexpress.com
42,mayoclinic.org
43,indiatimes.com
44,stackexchange.com
45,wiktionary.org
46,healthline.com
47,alamy.com
48,sciencedirect.com
49,clevelandclinic.org
50,target.com
51,dailymotion.com
52,bbc.co.uk
53,screenrant.com
54,webmd.com
55,merriam-webster.com
56,wikihow.com
57,collinsdictionary.com
58,booking.com
59,istockphoto.com
60,businessinsider.com
61,usatoday.com
62,adobe.com
63,reverso.net
64,medicalnewstoday.com
65,amazon.co.uk
66,foursquare.com
67,study.com
68,cnn.com
69,alibaba.com
70,yahoo.co.jp
71,www.nhs.uk
72,github.com
73,hindustantimes.com
74,slideshare.net
75,netflix.com
76,soundcloud.com
77,trip.com
78,wordreference.com
79,dictionary.com
80,deviantart.com
81,homedepot.com
82,cnet.com
83,yellowpages.com
84,ign.com
85,byjus.com
86,waze.com
87,flickr.com
88,ikea.com
89,cbsnews.com
90,wikiwand.com
91,bab.la
92,dailymail.co.uk
93,canva.com
94,flipkart.com
95,freepik.com
96,rottentomatoes.com
97,amazon.in
98,geeksforgeeks.org
99,aol.com
100,amazon.de
101,gettyimages.com
102,usnews.com
103,genius.com
104,ca.gov
105,dreamstime.com
106,costco.com
107,sportskeeda.com
108,ebay.co.uk
109,www.gov.uk
110,gamerant.com
111,goodreads.com
112,harvard.edu
113,vocabulary.com
114,justanswer.com
115,springer.com
116,europa.eu
117,medlineplus.gov
118,nature.com
119,go.com
120,npr.org
121,namu.wiki
122,collider.com
123,goodhousekeeping.com
124,hotels.com
125,people.com
126,independent.co.uk
127,tumblr.com
128,nextdoor.com
129,indiamart.com
130,wiley.com
131,verywellhealth.com
132,reuters.com
133,yandex.ru
134,yourdictionary.com
135,buzzfeed.com
136,infobae.com
137,stackoverflow.com
138,espn.com
139,agoda.com
140,cbr.com
141,economictimes.com
142,thefreedictionary.com
143,investopedia.com
144,allrecipes.com
145,justdial.com
146,steampowered.com
147,canada.ca
148,substack.com
149,washingtonpost.com
150,si.com
151,cosmopolitan.com
152,craigslist.org
153,apnews.com
154,lowes.com
155,cdc.gov
156,wikimedia.org
157,weebly.com
158,amazon.ca
159,vecteezy.com
160,redbubble.com
161,steamcommunity.com
162,restaurantguru.com
163,amazon.fr
164,nypost.com
165,hopkinsmedicine.org
166,pixabay.com
167,samsung.com
168,gamespot.com
169,rakuten.co.jp
170,telegraph.co.uk
171,today.com
172,expedia.com
173,nbcnews.com
174,oxfordlearnersdictionaries.com
175,msdmanuals.com
176,parade.com
177,globo.com
178,primevideo.com
179,softonic.com
180,newsbreak.com
181,rome2rio.com
182,variety.com
183,moovitapp.com
184,oup.com
185,ouest-france.fr
186,ubereats.com
187,bestbuy.com
188,lefigaro.fr
189,techradar.com
190,as.com
191,pcmag.com
192,mdpi.com
193,latimes.com
194,timeout.com
195,tvtropes.org
196,uol.com.br
197,company-information.service.gov.uk
198,ndtv.com
199,naver.com
200,ny.gov
201,shabdkosh.com
202,tvguide.com
203,elpais.com
204,pbs.org
205,thesaurus.com
206,indianexpress.com
207,ameblo.jp
208,trustpilot.com
209,wordhippo.com
210,zillow.com
211,who.int
212,marriott.com
213,hollywoodreporter.com
214,tripadvisor.co.uk
215,oed.com
216,thegamer.com
217,bbb.org
218,amazon.co.jp
219,thehindu.com
220,news18.com
221,glassdoor.com
222,wired.com
223,archive.org
224,elle.com
225,khanacademy.org
226,time.com
227,justwatch.com
228,marca.com
229,testbook.com
230,state.gov
231,made-in-china.com
232,un.org
233,studocu.com
234,tomsguide.com
235,themoviedb.org
236,issuu.com
237,hm.com
238,bing.com
239,texas.gov
240,ziprecruiter.com
241,india.com
242,lavanguardia.com
243,usda.gov
244,cnbc.com
245,thesun.co.uk
246,uwbrandingiron.com
247,cbc.ca
248,bbcgoodfood.com
249,express.co.uk
250,newsweek.com
251,theconversation.com
252,mumsnet.com
253,jstor.org
254,bloomberg.com
255,johnlewis.com
256,deezer.com
257,uptodown.com
258,detik.com
259,rollingstone.com
260,last.fm
261,abc.net.au
262,archiveofourown.org
263,letras.com
264,timesnownews.com
265,wikidata.org
266,digitaltrends.com
267,glosbe.com
268,ebay.de
269,nsw.gov.au
270,poshmark.com
271,cookpad.com
272,toppr.com
273,macys.com
274,mercadolivre.com.br
275,thekitchn.com
276,vedantu.com
277,nasa.gov
278,southernliving.com
279,kayak.com
280,business-standard.com
281,note.com
282,makemytrip.com
283,indiatoday.in
284,tokopedia.com
285,livemint.com
286,ew.com
287,nike.com
288,zoominfo.com
289,doordash.com
290,temu.com
291,tenor.com
292,discogs.com
293,wattpad.com
294,amazon.es
295,mirror.co.uk
296,brainly.in
297,asos.com
298,accuweather.com
299,line.me
300,tistory.com
301,pagesjaunes.fr
302,mit.edu
303,billboard.com
304,investing.com
305,cornell.edu
306,goo.ne.jp
307,realtor.com
308,gamesradar.com
309,hinative.com
310,answers.com
311,ldoceonline.com
312,mercadolibre.com.mx
313,kidshealth.org
314,kleinanzeigen.de
315,thepioneerwoman.com
316,wsj.com
317,playstation.com
318,lemon8-app.com
319,irs.gov
320,mundodeportivo.com
321,medscape.com
322,betterhealth.vic.gov.au
323,pngtree.com
324,gutefrage.net
325,healthdirect.gov.au
326,standard.co.uk
327,unsplash.com
328,zara.com
329,pons.com
330,lemonde.fr
331,prnewswire.com
332,medicinenet.com
333,health.com
334,academia.edu
335,com.be
336,ft.com
337,radiotimes.com
338,prom.ua
339,barnesandnoble.com
340,statista.com
341,tribunnews.com
342,countryliving.com
343,vogue.com
344,menshealth.com
345,kompas.com
346,olx.ua
347,aminoapps.com
348,nordstrom.com
349,quizlet.com
350,liputan6.com
351,biomedcentral.com
352,amazon.com.br
353,womenshealthmag.com
354,elmundo.es
355,sportingnews.com
356,goal.com
357,brainly.com
358,caranddriver.com
359,goodrx.com
360,nps.gov
361,foodnetwork.com
362,wa.gov
363,hubpages.com
364,elespanol.com
365,boomplay.com
366,shopee.co.id
367,fnac.com
368,dnb.com
369,letras.mus.br
370,amazon.com.au
371,thoughtco.com
372,va.gov
373,libretexts.org
374,leboncoin.fr
375,musixmatch.com
376,deadline.com
377,vulture.com
378,iheart.com
379,stanford.edu
380,esquire.com
381,thespruce.com
382,howstuffworks.com
383,mercari.com
384,abplive.com
385,moneycontrol.com
386,rozetka.com.ua
387,seriouseats.com
388,alberta.ca
389,ranker.com
390,theverge.com
391,vocal.media
392,mountsinai.org
393,instructables.com
394,letterboxd.com
395,weather.com
396,fda.gov
397,cancer.gov
398,dw.com
399,mubi.com
400,samsclub.com
401,shazam.com
402,diy.com
403,nationalgeographic.com
404,vectorstock.com
405,crunchbase.com
406,food.com
407,timeanddate.com
408,amazon.it
409,theknot.com
410,osu.edu
411,jagran.com
412,wayfair.com
413,euronews.com
414,wise.com
415,urbandictionary.com
416,foxnews.com
417,drugs.com
418,mozilla.org
419,sofascore.com
420,pexels.com
421,xbox.com
422,tandfonline.com
423,ultimate-guitar.com
424,movieweb.com
425,metro.co.uk
426,dzen.ru
427,umich.edu
428,frontiersin.org
429,mashable.com
430,olympics.com
431,bol.com
432,foxsports.com
433,jagranjosh.com
434,marksandspencer.com
435,ebay.ca
436,mercadolibre.com.ar
437,docomo.ne.jp
438,apkpure.com
439,cbssports.com
440,harpersbazaar.com
441,redfin.com
442,20minutos.es
443,techtarget.com
444,trendyol.com
445,bandcamp.com
446,metacritic.com
447,shopee.com.br
448,nyc.gov
449,kumparan.com
450,abc.es
451,commonsensemedia.org
452,travelweekly.com
453,langeek.co
454,travelocity.com
455,realsimple.com
456,huffpost.com
457,loc.gov
458,scmp.com
459,the-independent.com
460,eonline.com
461,rocketreach.co
462,polygon.com
463,makeuseof.com
464,shopify.com
465,patch.com
466,kroger.com
467,city-data.com
468,encyclopedia.com
469,nymag.com
470,sky.com
471,javatpoint.com
472,twitch.tv
473,prtimes.jp
474,idealo.de
475,tuasaude.com
476,groupon.com
477,ctvnews.ca
478,ycombinator.com
479,bhg.com
480,pngegg.com
481,123rf.com
482,francetvinfo.fr
483,tripadvisor.ca
484,lanacion.com.ar
485,subito.it
486,thetimes.com
487,ibm.com
488,primark.com
489,cntraveler.com
490,magazineluiza.com.br
491,metafilter.com
492,everydayhealth.com
493,skysports.com
494,walmart.ca
495,psu.edu
496,consumerreports.org
497,larousse.fr
498,healthgrades.com
499,cosmo2050.com
500,filmaffinity.com
501,mappy.com
502,omnicalculator.com
503,cdiscount.com
504,ozon.ru
505,terra.com.br
506,yelp.ca
507,tasteofhome.com
508,vk.com
509,wordnik.com
510,ebay.com.au
511,tvinsider.com
512,allevents.in
513,argos.co.uk
514,aljazeera.com
515,depositphotos.com
516,tkmaxx.com
517,dexerto.com
518,usembassy.gov
519,farfetch.com
520,allocine.fr
521,lifewire.com
522,rae.es
523,shein.com
524,gardenweb.com
525,travelandleisure.com
526,w3schools.com
527,pa.gov
528,viator.com
529,jiosaavn.com
530,newyorker.com
531,noaa.gov
532,next.co.uk
533,studyx.ai
534,jooble.org
535,tripadvisor.in
536,popsugar.com
537,aarp.org
538,ck12.org
539,kohls.com
540,eventbrite.com
541,glamour.com
542,opentable.com
543,legacy.com
544,cvs.com
545,klook.com
546,epa.gov
547,psychologytoday.com
548,linguee.com
549,nhsinform.scot
550,kiddle.co
551,foodandwine.com
552,herzindagi.com
553,mynavi.jp
554,wordsmyth.net
555,behance.net
556,nerdwallet.com
557,refinery29.com
558,otto.de
559,edmunds.com
560,clarin.com
561,allegro.pl
562,traveloka.com
563,aptoide.com
564,teacherspayteachers.com
565,apartments.com
566,si.edu
567,virginia.gov
568,leparisien.fr
569,azlyrics.com
570,aaa.com
571,idntimes.com
572,amarujala.com
573,sagepub.com
574,livehindustan.com
575,houzz.com
576,comicbook.com
577,elcorteingles.es
578,t-online.de
579,lonelyplanet.com
580,shiksha.com
581,digitalspy.com
582,zdnet.com
583,usmagazine.com
584,businesswire.com
585,famousbirthdays.com
586,plex.tv
587,uptodate.com
588,hinkhoj.com
589,thespruceeats.com
590,marthastewart.com
591,mass.gov
592,bmj.com
593,nexusmods.com
594,definitions.net
595,instacart.com
596,simplyrecipes.com
597,ea.com
598,bleacherreport.com
599,columbia.edu
600,history.com
601,eater.com
602,sahibinden.com
603,livescience.com
604,hp.com
605,amazon.com.mx
606,delish.com
607,byrdie.com
608,airbnb.com
609,asda.com
610,superuser.com
611,uscis.gov
612,eatingwell.com
613,ufl.edu
614,lego.com
615,the-sun.com
616,jamanetwork.com
617,nintendo.com
618,meesho.com
619,olx.com.br
620,northwestphysicians.com
621,rakuten.com
622,unacademy.com
623,navitime.co.jp
624,spanishdict.com
625,umn.edu
626,news-medical.net
627,thebump.com
628,jbhifi.com.au
629,chip.de
630,tripadvisor.fr
631,babycenter.com
632,gq.com
633,grubhub.com
634,kbb.com
635,epicentrk.ua
636,news.com.au
637,blibli.com
638,actu.fr
639,financialexpress.com
640,michigan.gov
641,powerthesaurus.org
642,corriere.it
643,alltrails.com
644,bfmtv.com
645,dickssportinggoods.com
646,hilton.com
647,walgreens.com
648,rateyourmusic.com
649,verizon.com
650,weblio.jp
651,udn.com
652,nj.gov
653,howtogeek.com
654,www.gob.mx
655,carfax.com
656,fodors.com
657,ssa.gov
658,mlb.com
659,uniqlo.com
660,hubspot.com
661,pinkvilla.com
662,ulta.com
663,sortiraparis.com
664,oxfordreference.com
665,myntra.com
666,menards.com
667,szu.edu.cn
668,rd.com
669,fiveable.me
670,cinemablend.com
671,nvidia.com
672,tesco.com
673,pcgamer.com
674,mercadolibre.com.co
675,elcomercio.pe
676,aajtak.in
677,rogerebert.com
678,wondershare.com
679,calculator.net
680,chegg.com
681,upenn.edu
682,bunnings.com.au
683,marketscreener.com
684,petmd.com
685,france24.com
686,michelin.com
687,nikkei.com
688,epicgames.com
689,roku.com
690,ukr.net
691,grammarly.com
692,resetera.com
693,prezi.com
694,tabelog.com
695,hse.ie
696,tureng.com
697,manta.com
698,poki.com
699,masterclass.com
700,berkeley.edu
701,apa.org
702,shaalaa.com
703,radiofrance.fr
704,narkive.com
705,squarespace.com
706,patient.info
707,footboom1.com
708,pressbooks.pub
709,elconfidencial.com
710,in.gov
711,worldbank.org
712,kakaku.com
713,michaels.com
714,pixnet.net
715,coursera.org
716,quillbot.com
717,boots.com
718,almaany.com
719,tradingview.com
720,yale.edu
721,momjunction.com
722,wisc.edu
723,20minutes.fr
724,francebleu.fr
725,focus.de
726,rochester.edu
727,unam.mx
728,biblegateway.com
729,filmweb.pl
730,envato.com
731,yell.com
732,abril.com.br
733,justia.com
734,stern.de
735,hola.com
736,eksisozluk.com
737,illinois.gov
738,smythstoys.com
739,prevention.com
740,nba.com
741,britishcouncil.org
742,americanas.com.br
743,wikivoyage.org
744,cars.com
745,canadiantire.ca
746,pngwing.com
747,lumenlearning.com
748,orbitz.com
749,hellomagazine.com
750,pennmedicine.org
751,purdue.edu
752,weather.gov
753,verywellmind.com
754,trulia.com
755,worldatlas.com
756,costco.ca
757,lingvanex.com
758,asus.com
759,data.gouv.fr
760,ucdavis.edu
761,americanexpress.com
762,okdiario.com
763,disneyplus.com
764,cnnbrasil.com.br
765,action.com
766,spiegel.de
767,acehardware.com
768,superpages.com
769,getyourguide.com
770,oracle.com
771,bhaskar.com
772,kmart.com.au
773,recipetineats.com
774,leverageedu.com
775,trivago.com
776,mapcarta.com
777,spiceworks.com
778,lawinsider.com
779,marketwatch.com
780,nzherald.co.nz
781,maryland.gov
782,homes.com
783,nhk.or.jp
784,journaldesfemmes.fr
785,doubtnut.com
786,tradera.com
787,motortrend.com
788,nasdaq.com
789,decider.com
790,ndr.de
791,tripadvisor.de
792,yumpu.com
793,eurogamer.net
794,bigw.com.au
795,t-mobile.com
796,android.com
797,globalnews.ca
798,smh.com.au
799,vice.com
800,morningstar.com
801,crosswordsolver.com
802,mo.gov
803,daum.net
804,livejournal.com
805,my-best.com
806,youm7.com
807,wanderlog.com
808,dell.com
809,cuemath.com
810,churchofjesuschrist.org
811,smithsonianmag.com
812,allure.com
813,ontario.ca
814,onelook.com
815,picclick.com
816,prokerala.com
817,lazada.co.id
818,gouv.qc.ca
819,freepik.es
820,stardewvalleywiki.com
821,heb.com
822,larazon.es
823,firstcry.com
824,yardbarker.com
825,bonappetit.com
826,usa.gov
827,army.mil
828,lenovo.com
829,www.gov.br
830,chron.com
831,lww.com
832,biblestudytools.com
833,tempo.co
834,hamariweb.com
835,angi.com
836,livestrong.com
837,hgtv.com
838,lyst.com
839,ucla.edu
840,vox.com
841,ihg.com
842,ebay.fr
843,acs.org
844,rei.com
845,dunelm.com
846,semanticscholar.org
847,pitchbook.com
848,nate.com
849,365scores.com
850,ox.ac.uk
851,tripadvisor.co
852,bilibili.tv
853,quoracdn.net
854,tastingtable.com
855,food52.com
856,lerobert.com
857,utah.edu
858,tsn.ua
859,pikiran-rakyat.com
860,housebeautiful.com
861,tutorialspoint.com
862,kaiserpermanente.org
863,tripadvisor.es
864,finn.no
865,dhgate.com
866,biglobe.ne.jp
867,cylex-uk.co.uk
868,moneysavingexpert.com
869,nme.com
870,hepsiburada.com
871,oem.com.mx
872,barrons.com
873,nice.org.uk
874,noon.com
875,pixiv.net
876,abebooks.com
877,gaana.com
878,ingles.com
879,loveandlemons.com
880,faz.net
881,fortune.com
882,heart.org
883,aiscore.com
884,aa.com
885,chosun.com
886,smule.com
887,purewow.com
888,free.fr
889,giphy.com
890,deepl.com
891,jalan.net
892,fc2.com
893,goibibo.com
894,arcgis.com
895,eltiempo.com
896,oneindia.com
897,vrbo.com
898,nj.com
899,lyrics.com
900,archives.gov
901,baidu.com
902,songfacts.com
903,bild.de
904,roblox.com
905,unirioja.es
906,usps.com
907,ticketmaster.com
908,pcgamesn.com
909,argentina.gob.ar
910,screwfix.com
911,rent.com
912,ohio.gov
913,rtve.es
914,welt.de
915,state.mn.us
916,soccerway.com
917,service-public.fr
918,msu.edu
919,linternaute.fr
920,theatlantic.com
921,asahi.com
922,instyle.com
923,glamourmagazine.co.uk
924,autoevolution.com
925,aa.com.tr
926,yellowpages.ca
927,t.me
928,univision.com
929,hhs.gov
930,teenvogue.com
931,uchicago.edu
932,unesco.org
933,science.org
934,dol.gov
935,rutube.ru
936,mail.ru
937,crunchyroll.com
938,bhf.org.uk
939,restaurantji.com
940,ed.gov
941,bankofamerica.com
942,illinois.edu
943,usgs.gov
944,coursehero.com
945,bookmyshow.com
946,medicoverhospitals.in
947,currys.co.uk
948,skyscanner.net
949,wordwall.net
950,nbcsports.com
951,cedars-sinai.org
952,theglobeandmail.com
953,tomshardware.com
954,pantip.com
955,sportsdirect.com
956,unc.edu
957,verywellfit.com
958,streetdirectory.com
959,bls.gov
960,cleartax.in
961,lyricstranslate.com
962,thewrap.com
963,globenewswire.com
964,ford.com
965,game8.co
966,slashgear.com
967,vanityfair.com
968,georgia.gov
969,myer.com.au
970,studysmarter.co.uk
971,newegg.com
972,hobbylobby.com
973,cnnindonesia.com
974,gotquestions.org
975,linternaute.com
976,grid.id
977,ct.gov
978,justice.gov
979,tripadvisor.com.au
980,allmusic.com
981,visitpickering.co.uk
982,androidauthority.com
983,dev.to
984,zippia.com
985,macrumors.com
986,gov.bc.ca
987,zmenu.com
988,lastminute.com
989,lg.com
990,whattoexpect.com
991,dillards.com
992,straitstimes.com
993,zendesk.com
994,bajajfinserv.in
995,self.com
996,capixabanews.com
997,expedia.co.uk
998,hotpepper.jp
999,oregon.gov
1000,dcinside.com
